{
  "n_clusters": 8,
  "method": "kmeans",
  "anomaly_threshold": 130,
  "samples_removed": 236,
  "samples_kept": 40526,
  "feature_columns": [
    "counts",
    "word_count",
    "char_count",
    "question_marks",
    "has_explain",
    "has_creative",
    "has_calculate",
    "has_list",
    "has_why",
    "has_how"
  ],
  "scaler_mean": [
    11.468958199674283,
    14.008439026797612,
    83.8469130928293,
    0.08984355722252381,
    0.15269209889947194,
    0.28739574594087747,
    0.033262596851404036,
    0.08468637417953906,
    0.022578098011153333,
    0.05487834970142624
  ],
  "scaler_scale": [
    15.197840259455354,
    10.4432192334866,
    63.54514922829537,
    0.2894738068257601,
    0.35969045279677053,
    0.4525477114691489,
    0.17932148923680338,
    0.2784144252869491,
    0.14855412313817512,
    0.22774265396599339
  ],
  "cluster_centers": [
    [
      0.359290668539281,
      4.303762882391769,
      4.314121295182044,
      -0.16002569715280113,
      -0.1690784104196065,
      0.027424358022170008,
      -0.03448160732253525,
      -0.12354330687991483,
      -0.10641422640075393,
      0.1921804473278718
    ],
    [
      -0.006536380632582312,
      -0.07062950156714909,
      -0.06874060818577146,
      -0.31036852075739774,
      -0.4245097352799223,
      -0.6350617595830444,
      -0.1854914154068791,
      -0.30417380167086167,
      -0.1519856705030848,
      -0.12580179194287494
    ],
    [
      -0.05380642905404815,
      -0.2965640404312647,
      -0.2419495940253577,
      -0.3103685207573972,
      2.3556585795155063,
      -0.4519859880408949,
      -0.1854914154068789,
      -0.30417380167086044,
      -0.15198567050308484,
      0.21695110283003669
    ],
    [
      0.033570663112226375,
      -0.06573289800599572,
      -0.06880492269443192,
      -0.3103685207573979,
      -0.4245097352799219,
      1.5746500004291886,
      -0.18549141540687908,
      -0.3041738016708602,
      -0.15198567050308465,
      -0.12670281326925045
    ],
    [
      -0.10659446217742607,
      -0.13277599429011197,
      -0.11321417869668708,
      0.06288981567531027,
      1.307348145491208,
      -0.33052596024288006,
      -0.04407878129670954,
      -0.09825105457732375,
      6.579567644041176,
      -0.24096649769270148
    ],
    [
      -0.12272618178815081,
      -0.10975532086817746,
      -0.15555500529816513,
      -0.27928512772394026,
      -0.32272262353748804,
      0.26925403671113257,
      -0.1854914154068787,
      3.2875941139798637,
      -0.15198567050308456,
      -0.18647166689308434
    ],
    [
      -0.030050876700813363,
      -0.21972779149427996,
      -0.2442742460597172,
      3.1803000715567182,
      -0.3397839605236812,
      -0.5452736510196547,
      -0.18549141540687872,
      -0.29236936573654376,
      -0.14997445051069017,
      0.7665707958864983
    ],
    [
      0.23370814604663592,
      0.042086428218586186,
      -0.023240613951838057,
      -0.07864506104999948,
      -0.1458498425093697,
      -0.1938008915466774,
      5.391085068850666,
      -0.04386062968075385,
      -0.15198567050308454,
      0.11789057641523161
    ]
  ],
  "cluster_to_label": {
    "5.0": 5,
    "4.0": 4,
    "2.0": 2,
    "6.0": 6,
    "1.0": 1,
    "3.0": 3,
    "7.0": 7,
    "0.0": 0
  },
  "cluster_stats": [
    {
      "cluster": 5,
      "size": 3223,
      "percentage": 7.9529191136554305,
      "counts_min": 1,
      "counts_max": 127,
      "counts_mean": 9.603785293205089,
      "counts_median": 1.0,
      "counts_std": 13.965407224667063,
      "word_count_mean": 12.862240148929569,
      "has_explain_pct": 3.661185231151101,
      "has_creative_pct": 40.92460440583308,
      "has_calculate_pct": 0.0
    },
    {
      "cluster": 4,
      "size": 907,
      "percentage": 2.238069387553669,
      "counts_min": 1,
      "counts_max": 115,
      "counts_mean": 9.848952590959206,
      "counts_median": 10.0,
      "counts_std": 9.694124805519603,
      "word_count_mean": 12.621830209481809,
      "has_explain_pct": 62.29327453142227,
      "has_creative_pct": 13.78169790518192,
      "has_calculate_pct": 2.535832414553473
    },
    {
      "cluster": 2,
      "size": 5178,
      "percentage": 12.7769826777871,
      "counts_min": 1,
      "counts_max": 126,
      "counts_mean": 10.651216685979142,
      "counts_median": 11.0,
      "counts_std": 9.994590939410289,
      "word_count_mean": 10.91135573580533,
      "has_explain_pct": 100.0,
      "has_creative_pct": 8.28505214368482,
      "has_calculate_pct": 0.0
    },
    {
      "cluster": 6,
      "size": 3347,
      "percentage": 8.258895523861225,
      "counts_min": 1,
      "counts_max": 130,
      "counts_mean": 11.012249775918733,
      "counts_median": 10.0,
      "counts_std": 11.788742360036427,
      "word_count_mean": 11.713773528533014,
      "has_explain_pct": 3.0475052285628923,
      "has_creative_pct": 4.063340304750523,
      "has_calculate_pct": 0.0
    },
    {
      "cluster": 1,
      "size": 16471,
      "percentage": 40.643043971771206,
      "counts_min": 1,
      "counts_max": 129,
      "counts_mean": 11.369619330945298,
      "counts_median": 6.0,
      "counts_std": 15.639118044398492,
      "word_count_mean": 13.27083965757999,
      "has_explain_pct": 0.0,
      "has_creative_pct": 0.0,
      "has_calculate_pct": 0.0
    },
    {
      "cluster": 3,
      "size": 9069,
      "percentage": 22.378226323841485,
      "counts_min": 1,
      "counts_max": 129,
      "counts_mean": 11.979159775057889,
      "counts_median": 1.0,
      "counts_std": 17.087772132785705,
      "word_count_mean": 13.321975962068585,
      "has_explain_pct": 0.0,
      "has_creative_pct": 100.0,
      "has_calculate_pct": 0.0
    },
    {
      "cluster": 7,
      "size": 1297,
      "percentage": 3.200414548684795,
      "counts_min": 1,
      "counts_max": 128,
      "counts_mean": 15.020817270624518,
      "counts_median": 9.0,
      "counts_std": 19.772791934240423,
      "word_count_mean": 14.447956823438705,
      "has_explain_pct": 10.023130300693909,
      "has_creative_pct": 19.969159599074786,
      "has_calculate_pct": 100.0
    },
    {
      "cluster": 0,
      "size": 1034,
      "percentage": 2.551448452845087,
      "counts_min": 1,
      "counts_max": 129,
      "counts_mean": 16.929400386847195,
      "counts_median": 11.0,
      "counts_std": 20.033221349212994,
      "word_count_mean": 58.95357833655706,
      "has_explain_pct": 9.18762088974855,
      "has_creative_pct": 29.980657640232106,
      "has_calculate_pct": 2.7079303675048356
    }
  ],
  "balance_score": 1.0557545592766147
}