{
  "n_clusters": 10,
  "method": "kmeans",
  "feature_columns": [
    "counts",
    "word_count",
    "char_count",
    "question_marks",
    "has_explain",
    "has_creative",
    "has_calculate",
    "has_list",
    "has_why",
    "has_how"
  ],
  "scaler_mean": [
    12.816961876257299,
    14.024925175408468,
    83.91788921053923,
    0.08974044453167165,
    0.15205338305284333,
    0.2872773661743781,
    0.03353613659781169,
    0.08453952210392032,
    0.022520975418281734,
    0.05468328345027231
  ],
  "scaler_scale": [
    25.28422183144025,
    10.446703853973938,
    63.54538844094035,
    0.289307405176119,
    0.3590726274098718,
    0.45249207844810985,
    0.18003184201664046,
    0.27819523954654773,
    0.14837041849536883,
    0.2273609948108283
  ],
  "cluster_centers": [
    [
      0.14500160602994652,
      4.40802552940426,
      4.425409394901401,
      -0.15898937184534861,
      -0.18547971117755477,
      0.04632725346493692,
      -0.02806117294691236,
      -0.12836096785763162,
      -0.10379371837523356,
      0.11743543086260734
    ],
    [
      -0.05464716227838755,
      -0.07479574099943254,
      -0.07139959048230508,
      -0.31019062397328395,
      -0.4234613597523777,
      -0.6348782218677521,
      -0.18627891723016338,
      -0.30388558136982613,
      -0.1517888514885108,
      -0.24051303740894867
    ],
    [
      -0.11149896319623136,
      -0.1327940369098208,
      -0.11266086829425423,
      0.06287108646858783,
      1.3125328933255935,
      -0.3306404135285866,
      -0.04557938212553699,
      -0.09802755676700578,
      6.588099127133144,
      -0.2405130374089477
    ],
    [
      -0.07641383014512569,
      -0.20015632414546008,
      -0.22505858146415925,
      3.1890629949713625,
      -0.3729041021892195,
      -0.5478105081338289,
      -0.18627891723016385,
      -0.30388558136982496,
      -0.14918557301086632,
      -0.22522349463761468
    ],
    [
      -0.08913067692237585,
      -0.30251360114822307,
      -0.24481213657928957,
      -0.3101906239732826,
      2.361490551545853,
      -0.4529356197138039,
      -0.18627891723016365,
      -0.30388558136982463,
      -0.1517888514885107,
      -0.24051303740894728
    ],
    [
      -0.05895743156017528,
      -0.09527923563003916,
      -0.10854732941680822,
      0.9896285552794392,
      0.4151811330042601,
      -0.26019399156571216,
      -0.1862789172301639,
      -0.2117618325579177,
      -0.15178885148851087,
      4.1577787664777865
    ],
    [
      9.446229904268842,
      0.21266518110515464,
      0.1369590393449175,
      -0.04187543608861612,
      -0.32172795659993103,
      -0.07985954977796705,
      0.16880793809046662,
      -0.10692131757703269,
      -0.09023736309927197,
      -0.180262464752965
    ],
    [
      -0.12165921138725397,
      -0.1117718949338652,
      -0.15715671211091556,
      -0.27874790203336985,
      -0.3264947154129475,
      0.26422733691175365,
      -0.18627891723016377,
      3.290712232848628,
      -0.15178885148851085,
      -0.2405130374089473
    ],
    [
      -0.028544859198515328,
      -0.07240885684317792,
      -0.07459750721811056,
      -0.31019062397328306,
      -0.42346135975237753,
      1.5751052179079252,
      -0.18627891723016343,
      -0.3038855813698252,
      -0.15178885148851037,
      -0.24051303740894753
    ],
    [
      0.10675302463311029,
      0.04150593108358384,
      -0.02427104801013704,
      -0.07922427018424533,
      -0.14325498465247932,
      -0.19356048427813607,
      5.368294033856842,
      -0.04436776682563519,
      -0.15178885148851085,
      0.1243222274295832
    ]
  ],
  "cluster_to_label": {
    "7.0": 7,
    "2.0": 2,
    "4.0": 4,
    "3.0": 3,
    "5.0": 5,
    "1.0": 1,
    "8.0": 8,
    "9.0": 9,
    "0.0": 0,
    "6.0": 6
  },
  "cluster_stats": [
    {
      "cluster": 7,
      "size": 3188,
      "percentage": 7.821009763995878,
      "counts_min": 1,
      "counts_max": 140,
      "counts_mean": 9.74090338770389,
      "counts_median": 1.0,
      "counts_std": 14.485160992752428,
      "word_count_mean": 12.857277289836889,
      "has_explain_pct": 3.4818067754077795,
      "has_creative_pct": 40.68381430363864,
      "has_calculate_pct": 0.0
    },
    {
      "cluster": 2,
      "size": 908,
      "percentage": 2.227564888867082,
      "counts_min": 1,
      "counts_max": 145,
      "counts_mean": 9.997797356828194,
      "counts_median": 10.0,
      "counts_std": 10.676561702378244,
      "word_count_mean": 12.637665198237885,
      "has_explain_pct": 62.33480176211453,
      "has_creative_pct": 13.766519823788546,
      "has_calculate_pct": 2.5330396475770924
    },
    {
      "cluster": 4,
      "size": 4640,
      "percentage": 11.383150973946323,
      "counts_min": 1,
      "counts_max": 126,
      "counts_mean": 10.563362068965517,
      "counts_median": 11.0,
      "counts_std": 9.992251487699383,
      "word_count_mean": 10.864655172413793,
      "has_explain_pct": 100.0,
      "has_creative_pct": 8.232758620689655,
      "has_calculate_pct": 0.0
    },
    {
      "cluster": 3,
      "size": 2589,
      "percentage": 6.351503851626515,
      "counts_min": 1,
      "counts_max": 122,
      "counts_mean": 10.884897643877945,
      "counts_median": 10.0,
      "counts_std": 11.928880237968324,
      "word_count_mean": 11.933951332560834,
      "has_explain_pct": 1.8153727307840866,
      "has_creative_pct": 3.9397450753186556,
      "has_calculate_pct": 0.0
    },
    {
      "cluster": 5,
      "size": 2029,
      "percentage": 4.977675285805407,
      "counts_min": 1,
      "counts_max": 130,
      "counts_mean": 11.326269098077871,
      "counts_median": 11.0,
      "counts_std": 11.983881553540414,
      "word_count_mean": 13.029571217348447,
      "has_explain_pct": 30.11335633316905,
      "has_creative_pct": 16.954164613109906,
      "has_calculate_pct": 0.0
    },
    {
      "cluster": 1,
      "size": 16062,
      "percentage": 39.4043471861047,
      "counts_min": 1,
      "counts_max": 132,
      "counts_mean": 11.435250902751836,
      "counts_median": 6.0,
      "counts_std": 15.832453810774588,
      "word_count_mean": 13.24355621964886,
      "has_explain_pct": 0.0,
      "has_creative_pct": 0.0,
      "has_calculate_pct": 0.0
    },
    {
      "cluster": 8,
      "size": 8842,
      "percentage": 21.69177174819685,
      "counts_min": 1,
      "counts_max": 136,
      "counts_mean": 12.095227324134811,
      "counts_median": 1.0,
      "counts_std": 17.478630508199245,
      "word_count_mean": 13.268491291562995,
      "has_explain_pct": 0.0,
      "has_creative_pct": 100.0,
      "has_calculate_pct": 0.0
    },
    {
      "cluster": 9,
      "size": 1302,
      "percentage": 3.1941514155340758,
      "counts_min": 1,
      "counts_max": 161,
      "counts_mean": 15.516129032258064,
      "counts_median": 9.5,
      "counts_std": 21.295497232404415,
      "word_count_mean": 14.45852534562212,
      "has_explain_pct": 10.061443932411676,
      "has_creative_pct": 19.969278033794165,
      "has_calculate_pct": 100.0
    },
    {
      "cluster": 0,
      "size": 983,
      "percentage": 2.411559786075266,
      "counts_min": 1,
      "counts_max": 264,
      "counts_mean": 16.48321464903357,
      "counts_median": 11.0,
      "counts_std": 20.80090553610355,
      "word_count_mean": 60.074262461851475,
      "has_explain_pct": 8.54526958290946,
      "has_creative_pct": 30.82400813835198,
      "has_calculate_pct": 2.8484231943031535
    },
    {
      "cluster": 6,
      "size": 219,
      "percentage": 0.5372650998478975,
      "counts_min": 133,
      "counts_max": 943,
      "counts_mean": 251.65753424657535,
      "counts_median": 211.0,
      "counts_std": 131.96356383188987,
      "word_count_mean": 16.246575342465754,
      "has_explain_pct": 3.65296803652968,
      "has_creative_pct": 25.11415525114155,
      "has_calculate_pct": 6.392694063926941
    }
  ]
}